;svs_x;epoch;ele;azi;PhaseL1-L2;codeP2-P1;Vtec
0;G11;0;20.559;-159.257;-1437294.751;1311235.226;#×ÈÑËÎ!
1;G11;30;20.781;-159.219;-1440392.308;1475222.908;
2;G11;60;21.003;-159.18;-1444792.07;1315708.482;
3;G11;90;21.226;-159.141;-1448073.155;1297910.632;
4;G11;120;21.448;-159.102;-1451087.098;1221674.919;
5;G11;150;21.671;-159.062;-1453691.724;1137254.098;
6;G11;180;21.894;-159.022;-1457395.707;1255462.283;
7;G11;210;22.118;-158.981;-1457867.422;1195691.961;
8;G11;240;22.341;-158.94;-1462926.434;1299338.267;
9;G11;270;22.565;-158.898;-1464189.01;1183414.299;
10;G11;300;22.789;-158.856;-1466849.477;1312758.037;
11;G11;330;23.013;-158.813;-1469394.938;1302003.186;
12;G11;360;23.237;-158.77;-1472430.007;1303430.821;
13;G11;390;23.461;-158.727;-1474021;1368530.98;
14;G11;420;23.686;-158.683;-1477744.3;1410884.153;
15;G11;450;23.91;-158.638;-1479306.314;1304572.929;
16;G11;480;24.135;-158.593;-1482808.051;1308665.483;
17;G11;510;24.36;-158.548;-1483982.783;1172564.272;
18;G11;540;24.586;-158.502;-1486938.765;1301908.01;
19;G11;570;24.811;-158.456;-1490157.36;1247657.877;
20;G11;600;25.037;-158.41;-1492031.792;1205304.703;
21;G11;630;25.263;-158.364;-1495166.471;1410884.154;
22;G11;660;25.49;-158.317;-1497742.415;1288202.713;
23;G11;690;25.717;-158.27;-1500044.273;1293722.902;
24;G11;720;25.944;-158.222;-1503064.849;1410884.154;
26;G11;780;26.398;-158.125;-1506222.676;1438104.396;
28;G11;840;26.854;-158.026;-1510927.814;1278875.497;
29;G11;870;27.082;-157.976;-1512361.533;1540323.067;
30;G11;900;27.31;-157.926;-1514943.813;1246230.242;
31;G11;930;27.538;-157.875;-1516175.288;1228337.216;
32;G11;960;27.766;-157.824;-1518247.733;1470749.651;
33;G11;990;27.995;-157.772;-1520003.53;1289630.348;
34;G11;1020;28.224;-157.72;-1521705.899;1269262.755;
35;G11;1050;28.453;-157.667;-1523241.644;1394513.938;
36;G11;1080;28.682;-157.614;-1525999.299;1275925.052;
37;G11;1110;28.911;-157.561;-1527798.561;1307618.55;
38;G11;1140;29.141;-157.507;-1528573.629;1364438.426;
39;G11;1170;29.37;-157.452;-1531243.14;1378238.898;
40;G11;1200;29.6;-157.398;-1533178.84;1316850.59;
41;G11;1230;29.83;-157.343;-1534647.268;1250322.796;
42;G11;1260;30.061;-157.288;-1536622.51;1378143.723;
43;G11;1290;30.292;-157.232;-1539585.423;1213109.108;
44;G11;1320;30.523;-157.176;-1542155.621;1220152.108;
45;G11;1350;30.754;-157.119;-1543661.477;1186364.745;
46;G11;1380;30.986;-157.062;-1546167.078;1278589.97;
47;G11;1410;31.217;-157.004;-1548366.295;1203877.068;
48;G11;1440;31.449;-156.946;-1550937.397;1166948.908;
49;G11;1470;31.681;-156.888;-1553527.213;1228432.392;
50;G11;1500;31.913;-156.829;-1556166.232;1206827.514;
51;G11;1530;32.145;-156.77;-1558092.871;1157716.868;
52;G11;1560;32.378;-156.71;-1560286.652;1183319.123;
53;G11;1590;32.61;-156.65;-1562970.645;1210539.365;
54;G11;1620;32.843;-156.589;-1565583.4;1469702.718;
55;G11;1650;33.075;-156.528;-1567705.64;1300480.375;
56;G11;1680;33.308;-156.466;-1569962.204;1294865.01;
57;G11;1710;33.541;-156.404;-1571967.322;1407933.708;
58;G11;1740;33.775;-156.342;-1574662.482;1325035.698;
60;G11;1800;34.241;-156.216;-1578727.351;1388993.749;
61;G11;1830;34.476;-156.153;-1580026.427;1307523.375;
62;G11;1860;34.71;-156.089;-1581472.204;1269262.755;
63;G11;1890;34.945;-156.024;-1583506.901;1436581.585;
64;G11;1920;35.18;-155.959;-1584732.625;1334648.441;
65;G11;1950;35.415;-155.893;-1586488.406;1451428.99;
66;G11;1980;35.65;-155.827;-1588960.489;1369958.615;
67;G11;2010;35.885;-155.761;-1589025.577;1172564.272;
68;G11;2040;36.12;-155.694;-1590931.378;1326463.333;
70;G11;2100;36.591;-155.559;-1594349.662;1422114.883;
71;G11;2130;36.827;-155.491;-1596099.704;1194169.15;
72;G11;2160;37.063;-155.422;-1597295.539;1329033.076;
73;G11;2190;37.299;-155.353;-1599322.079;1248799.985;
74;G11;2220;37.535;-155.283;-1600920.286;1236617.499;
75;G11;2250;37.771;-155.214;-1602700.512;1307618.55;
76;G11;2280;38.008;-155.143;-1604644.04;1173706.38;
77;G11;2310;38.244;-155.072;-1606525.386;1231002.135;
78;G11;2340;38.481;-155.001;-1607915.008;1182177.015;
79;G11;2370;38.717;-154.929;-1609858.837;1146581.314;
80;G11;2400;38.954;-154.857;-1611147.034;1072915.345;
81;G11;2430;39.192;-154.784;-1613033.509;1263647.39;
83;G11;2490;39.668;-154.637;-1616700.203;1144011.571;
84;G11;2520;39.906;-154.562;-1618515.137;1259935.539;
85;G11;2550;40.144;-154.487;-1620272.112;1137254.098;
86;G11;2580;40.382;-154.412;-1621407.567;1179607.272;
88;G11;2640;40.859;-154.26;-1624834.28;1368530.98;
89;G11;2670;41.098;-154.183;-1626279.134;1240614.877;
90;G11;2700;41.336;-154.105;-1628292.684;1108606.221;
91;G11;2730;41.575;-154.028;-1629466.169;1212062.176;
92;G11;2760;41.814;-153.949;-1631177.56;1301908.01;
93;G11;2790;42.053;-153.871;-1631877.735;1145439.206;
94;G11;2820;42.292;-153.791;-1633462.647;1284110.159;
95;G11;2850;42.532;-153.712;-1634994.13;1210444.189;
96;G11;2880;42.771;-153.632;-1635749.24;1149531.76;
97;G11;2910;43.01;-153.551;-1637015.089;1195596.785;
98;G11;2940;43.25;-153.47;-1638526.346;1273355.309;
99;G11;2970;43.49;-153.389;-1639628.286;1285632.97;
100;G11;3000;43.729;-153.307;-1640598.918;1270309.687;
101;G11;3030;43.97;-153.224;-1642402.67;1247372.35;
103;G11;3090;44.451;-153.055;-1644451.694;1251464.904;
104;G11;3120;44.692;-152.97;-1645790.587;1158763.8;
105;G11;3150;44.933;-152.885;-1647076.352;1160381.787;
106;G11;3180;45.174;-152.799;-1647916.578;1129068.99;
107;G11;3210;45.415;-152.712;-1649012.475;1321323.847;
108;G11;3240;45.656;-152.625;-1650978.017;1184937.11;
109;G11;3270;45.897;-152.538;-1651619.922;1140965.949;
110;G11;3300;46.139;-152.45;-1652391.02;1181891.488;
111;G11;3330;46.38;-152.361;-1653421.11;1064730.237;
112;G11;3360;46.622;-152.272;-1654171.982;1191980.109;
113;G11;3390;46.863;-152.183;-1655289.608;1146866.841;
114;G11;3420;47.105;-152.092;-1656184.464;1157716.868;
115;G11;3450;47.347;-152.002;-1656874.058;1122025.991;
116;G11;3480;47.589;-151.911;-1658608.07;1205304.703;
117;G11;3510;47.83;-151.819;-1658997.92;1092331.181;
118;G11;3540;48.072;-151.727;-1660052.153;1140965.949;
119;G11;3570;48.314;-151.634;-1661134.759;1070345.601;
120;G11;3600;48.557;-151.541;-1661323.57;1177798.934;
121;G11;3630;48.799;-151.446;-1662682.071;1220152.108;
122;G11;3660;49.042;-151.35;-1663018.186;1097470.668;
124;G11;3720;49.528;-151.157;-1664989.902;1153624.314;
125;G11;3750;49.771;-151.059;-1666504.157;1247657.877;
126;G11;3780;50.014;-150.961;-1667216.079;1157431.34;
127;G11;3810;50.258;-150.862;-1668309.244;1159144.503;
128;G11;3840;50.501;-150.763;-1668588.907;1098993.478;
129;G11;3870;50.744;-150.663;-1669812.774;1152196.679;
130;G11;3900;50.988;-150.562;-1670369.539;1161809.422;
131;G11;3930;51.231;-150.461;-1671344.374;1130211.099;
132;G11;3960;51.475;-150.359;-1672769.878;1066633.75;
133;G11;3990;51.718;-150.257;-1673678;1098993.479;
134;G11;4020;51.962;-150.153;-1674516.091;1054356.089;
135;G11;4050;52.205;-150.05;-1675536.503;1107559.289;
136;G11;4080;52.449;-149.946;-1676573.515;1134303.652;
137;G11;4110;52.693;-149.841;-1677267.317;1148008.949;
138;G11;4140;52.937;-149.735;-1678287.423;1167044.083;
139;G11;4170;53.18;-149.629;-1679483.511;1118314.14;
140;G11;4200;53.424;-149.523;-1680330.955;1093378.114;
141;G11;4230;53.669;-149.413;-1681389.697;1107178.586;
142;G11;4260;53.913;-149.303;-1682007.427;1015714.766;
144;G11;4320;54.402;-149.08;-1683573.115;1135826.463;
145;G11;4350;54.647;-148.967;-1684776.442;1131638.733;
146;G11;4380;54.891;-148.854;-1685662.216;1130211.099;
147;G11;4410;55.136;-148.74;-1686547.387;1103086.032;
148;G11;4440;55.381;-148.625;-1687044.369;1131638.733;
149;G11;4470;55.626;-148.509;-1688293.273;1148008.949;
150;G11;4500;55.87;-148.393;-1688867.529;1088143.452;
151;G11;4530;56.115;-148.276;-1689017.074;1160381.786;
152;G11;4560;56.36;-148.158;-1690245.147;1198547.231;
153;G11;4590;56.605;-148.039;-1691001.721;1122406.694;
154;G11;4620;56.85;-147.919;-1691497.19;1134303.653;
155;G11;4650;57.094;-147.799;-1692209.39;1191599.407;
156;G11;4680;57.339;-147.678;-1693206.842;1130591.801;
157;G11;4710;57.584;-147.556;-1693553.795;1139919.017;
158;G11;4740;57.829;-147.434;-1694377.98;1193027.042;
159;G11;4770;58.074;-147.31;-1695004.752;1162951.53;
160;G11;4800;58.319;-147.186;-1695663.82;1085668.884;
161;G11;4830;58.564;-147.058;-1696255.273;1146581.314;
162;G11;4860;58.809;-146.928;-1697005.802;1181891.488;
163;G11;4890;59.055;-146.798;-1697619.59;1146962.017;
164;G11;4920;59.3;-146.667;-1698176.929;1108606.221;
165;G11;4950;59.545;-146.534;-1698806.412;1124976.437;
166;G11;4980;59.791;-146.401;-1699413.255;1198642.406;
167;G11;5010;60.036;-146.266;-1700279.39;1174087.083;
168;G11;5040;60.281;-146.131;-1701147.94;1067395.155;
169;G11;5070;60.527;-145.994;-1702058.748;1184841.934;
170;G11;5100;60.772;-145.857;-1702446.44;1122406.694;
171;G11;5130;61.017;-145.718;-1702935.554;1080053.52;
172;G11;5160;61.263;-145.578;-1703841.228;1195596.785;
173;G11;5190;61.508;-145.437;-1703977.17;1150673.868;
174;G11;5220;61.753;-145.295;-1704889.181;1137254.098;
175;G11;5250;61.998;-145.152;-1705244.268;1162951.53;
176;G11;5280;62.243;-145.008;-1705658.518;1103086.032;
177;G11;5310;62.489;-144.862;-1705906.444;1134303.653;
178;G11;5340;62.734;-144.715;-1706533.802;1156194.057;
179;G11;5370;62.979;-144.568;-1707025.626;1198261.704;
180;G11;5400;63.224;-144.418;-1707737.2;1146581.314;
181;G11;5430;63.469;-144.264;-1707903.32;1104513.667;
182;G11;5460;63.714;-144.107;-1708413.554;1108225.518;
183;G11;5490;63.96;-143.949;-1708627.064;1093758.816;
184;G11;5520;64.205;-143.79;-1709057.607;1143916.395;
185;G11;5550;64.45;-143.629;-1709687.976;1135731.288;
186;G11;5580;64.695;-143.466;-1710401.658;1156289.233;
187;G11;5610;64.94;-143.302;-1710888.343;1133256.72;
188;G11;5640;65.185;-143.136;-1711480.374;1142488.76;
189;G11;5670;65.43;-142.968;-1711512.765;1103086.032;
190;G11;5700;65.675;-142.799;-1712215.576;1144011.571;
191;G11;5730;65.92;-142.628;-1712901.481;1152196.679;
192;G11;5760;66.164;-142.455;-1713614.553;1122025.991;
193;G11;5790;66.409;-142.281;-1713892.047;1087096.519;
194;G11;5820;66.654;-142.104;-1714295.715;1048740.724;
195;G11;5850;66.898;-141.926;-1714705.118;1130211.099;
196;G11;5880;67.142;-141.746;-1715167.646;1109748.329;
197;G11;5910;67.387;-141.563;-1715492.527;1146581.314;
198;G11;5940;67.631;-141.379;-1716311.545;1110129.032;
199;G11;5970;67.875;-141.193;-1717148.371;1129068.991;
200;G11;6000;68.119;-141.004;-1717347.074;1123453.626;
201;G11;6030;68.363;-140.807;-1717552.115;1138396.207;
202;G11;6060;68.607;-140.607;-1717963.926;1104132.965;
204;G11;6120;69.095;-140.2;-1719263.571;1139919.017;
205;G11;6150;69.339;-139.993;-1719676.586;1138396.206;
206;G11;6180;69.582;-139.782;-1720090.205;1137349.274;
207;G11;6210;69.826;-139.569;-1720355.912;1179321.745;
208;G11;6240;70.069;-139.352;-1721311.36;1171136.637;
209;G11;6270;70.312;-139.133;-1722164.477;1098993.479;
210;G11;6300;70.555;-138.91;-1722674.987;1137254.098;
211;G11;6330;70.798;-138.684;-1723161.046;1127546.18;
212;G11;6360;71.041;-138.455;-1723469.009;1160381.786;
214;G11;6420;71.526;-137.986;-1724201.751;1120503.18;
215;G11;6450;71.768;-137.746;-1724595.136;1145534.382;
216;G11;6480;72.01;-137.502;-1724877.438;1131638.734;
217;G11;6510;72.252;-137.254;-1725171.21;1165901.975;
218;G11;6540;72.493;-137.002;-1725664.808;1120883.883;
219;G11;6570;72.735;-136.745;-1725785.614;1150673.868;
220;G11;6600;72.976;-136.485;-1726329.017;1133161.544;
222;G11;6660;73.458;-135.931;-1727143.245;1138396.206;
223;G11;6690;73.698;-135.646;-1727622.049;1145439.206;
224;G11;6720;73.939;-135.355;-1728045.611;1104513.667;
226;G11;6780;74.419;-134.756;-1729049.698;1115363.694;
227;G11;6810;74.658;-134.447;-1729328.669;1090808.371;
228;G11;6840;74.898;-134.132;-1729611.564;1077483.777;
229;G11;6870;75.137;-133.809;-1729918.001;1104513.667;
230;G11;6900;75.375;-133.48;-1730386.535;1108606.221;
231;G11;6930;75.614;-133.143;-1730945.624;1130211.099;
232;G11;6960;75.852;-132.798;-1731385.48;1119361.072;
233;G11;6990;76.09;-132.445;-1732060.177;1116410.626;
234;G11;7020;76.327;-132.083;-1732232.285;1120979.059;
235;G11;7050;76.564;-131.713;-1732880.418;1139823.842;
236;G11;7080;76.8;-131.333;-1733137.345;1146581.314;
237;G11;7110;77.037;-130.943;-1733676.808;1075960.966;
238;G11;7140;77.272;-130.542;-1734084.963;1086715.817;
239;G11;7170;77.508;-130.131;-1734502.474;1103086.032;
240;G11;7200;77.742;-129.708;-1735036.803;1100516.289;
241;G11;7230;77.976;-129.259;-1735556.038;1098993.478;
242;G11;7260;78.21;-128.797;-1736339.999;1119456.248;
243;G11;7290;78.443;-128.32;-1736824.518;1106131.654;
244;G11;7320;78.675;-127.829;-1737104.983;1116791.329;
245;G11;7350;78.907;-127.321;-1737727.146;1088238.627;
246;G11;7380;79.138;-126.796;-1738113.258;1042078.427;
247;G11;7410;79.368;-126.253;-1738595.058;1052928.453;
248;G11;7440;79.598;-125.691;-1739163.488;1111175.964;
249;G11;7470;79.827;-125.109;-1739363.353;1045885.454;
250;G11;7500;80.055;-124.506;-1740090.558;1078530.709;
251;G11;7530;80.282;-123.879;-1740729.62;1089761.438;
252;G11;7560;80.508;-123.228;-1740887.523;1081481.155;
253;G11;7590;80.733;-122.552;-1741269.403;1088238.627;
254;G11;7620;80.957;-121.847;-1741427.909;1085193.006;
255;G11;7650;81.18;-121.113;-1741727.681;1040555.616;
256;G11;7680;81.402;-120.346;-1742264.108;1083765.371;
257;G11;7710;81.623;-119.546;-1742238.78;1096423.735;
258;G11;7740;81.842;-118.709;-1742552.437;1094900.924;
259;G11;7770;82.059;-117.833;-1742717.276;1054070.561;
260;G11;7800;82.275;-116.915;-1742912.603;1082623.263;
261;G11;7830;82.488;-115.929;-1743321.642;1118314.14;
262;G11;7860;82.7;-114.892;-1743429.428;1123548.802;
263;G11;7890;82.909;-113.801;-1743943.209;1067775.858;
264;G11;7920;83.116;-112.651;-1744180.188;1045790.278;
266;G11;7980;83.522;-110.157;-1744620.938;1051405.642;
267;G11;8010;83.721;-108.802;-1744713.024;1103086.032;
268;G11;8040;83.916;-107.367;-1744927.058;1071868.412;
269;G11;8070;84.108;-105.847;-1745197.839;1075580.263;
270;G11;8100;84.296;-104.233;-1745675.09;1041792.9;
271;G11;8130;84.48;-102.521;-1745845.352;1035035.427;
272;G11;8160;84.659;-100.7;-1745992.371;1049882.832;
273;G11;8190;84.833;-98.765;-1746420.416;1060732.859;
274;G11;8220;85.002;-96.706;-1746524.267;1079672.817;
275;G11;8250;85.164;-94.516;-1746477.19;1078530.709;
276;G11;8280;85.319;-92.188;-1746894.667;1113840.883;
277;G11;8310;85.467;-89.713;-1746731.977;1108701.397;
278;G11;8340;85.606;-87.086;-1747092.402;1085573.709;
279;G11;8370;85.737;-84.303;-1747690.085;1107178.586;
280;G11;8400;85.857;-81.36;-1747651.757;1039127.981;
281;G11;8430;85.965;-78.231;-1747888.117;1066633.75;
282;G11;8460;86.06;-74.949;-1747842.24;1063683.304;
283;G11;8490;86.143;-71.522;-1747974.156;1082623.263;
285;G11;8550;86.268;-64.294;-1748397.365;1070345.601;
286;G11;8580;86.308;-60.534;-1748770.762;1071773.236;
287;G11;8610;86.334;-56.712;-1748653.644;1087762.749;
288;G11;8640;86.344;-52.855;-1748744.503;1033893.319;
289;G11;8670;86.338;-48.998;-1748840.795;1060637.683;
290;G11;8700;86.317;-45.17;-1748959.12;1060637.683;
291;G11;8730;86.281;-41.402;-1748949.459;1092331.181;
292;G11;8760;86.23;-37.72;-1749168;1064730.237;
293;G11;8790;86.165;-34.149;-1749532.336;1058448.642;
294;G11;8820;86.087;-30.707;-1749545.613;1061018.385;
295;G11;8850;85.996;-27.407;-1749453.843;1078911.412;
296;G11;8880;85.894;-24.259;-1749667.55;1066633.75;
297;G11;8910;85.781;-21.268;-1749944.647;1103086.032;
298;G11;8940;85.658;-18.434;-1750276.378;1086715.817;
299;G11;8970;85.526;-15.757;-1750342.475;1096328.56;
302;G11;9060;85.078;-8.659;-1750790.094;1002294.996;
305;G11;9150;84.572;-2.776;-1751117.568;1131733.909;
306;G11;9180;84.394;-1.044;-1751372.923;1108606.221;
307;G11;9210;84.213;0.588;-1750975.062;1102990.856;
308;G11;9240;84.027;2.127;-1751004.325;1073296.047;
309;G11;9270;83.838;3.579;-1751212.587;1091189.073;
310;G11;9300;83.647;4.95;-1751621.885;1101658.397;
311;G11;9330;83.453;6.248;-1751533.724;1077103.074;
312;G11;9360;83.256;7.477;-1751656.56;1063683.304;
313;G11;9390;83.057;8.643;-1751760.377;1069298.669;
314;G11;9420;82.857;9.75;-1751779.674;1108701.396;
315;G11;9450;82.654;10.803;-1751774.52;1086715.817;
316;G11;9480;82.45;11.806;-1751713.221;1078911.412;
317;G11;9510;82.245;12.762;-1751910.006;1081481.155;
318;G11;9540;82.038;13.675;-1751863.495;1141441.828;
319;G11;9570;81.83;14.548;-1752023.453;1135826.463;
320;G11;9600;81.621;15.383;-1752191.258;1094900.925;
321;G11;9630;81.409;16.164;-1752135.689;1069203.493;
322;G11;9660;81.196;16.913;-1752140.793;1058067.94;
323;G11;9690;80.982;17.633;-1752151.63;1049978.008;
324;G11;9720;80.768;18.325;-1752069.496;1093378.114;
325;G11;9750;80.553;18.991;-1752517.117;1126499.247;
326;G11;9780;80.337;19.633;-1752367.064;1082623.263;
327;G11;9810;80.121;20.253;-1752201.313;1104513.667;
328;G11;9840;79.905;20.852;-1752263.462;1115363.694;
329;G11;9870;79.688;21.431;-1752359.72;1105655.775;
330;G11;9900;79.47;21.991;-1752291.768;1108606.221;
331;G11;9930;79.253;22.534;-1752307.128;1120979.059;
332;G11;9960;79.035;23.06;-1752455.906;1132780.842;
333;G11;9990;78.816;23.571;-1752276.265;1090808.371;
334;G11;10020;78.598;24.067;-1752462.17;1075960.966;
335;G11;10050;78.379;24.55;-1752362.218;1039127.981;
336;G11;10080;78.161;25.02;-1752501.937;1085193.006;
337;G11;10110;77.942;25.477;-1752354.29;1080053.519;
338;G11;10140;77.723;25.923;-1752203.019;1074438.155;
339;G11;10170;77.503;26.358;-1752009.489;1071868.412;
340;G11;10200;77.284;26.782;-1751991.335;1092331.181;
341;G11;10230;77.063;27.182;-1751826.781;1085573.709;
342;G11;10260;76.842;27.573;-1752041.658;1098993.478;
343;G11;10290;76.622;27.956;-1751772.66;1092236.006;
344;G11;10320;76.401;28.33;-1751846.267;1079672.817;
345;G11;10350;76.18;28.697;-1751941.004;1054356.089;
346;G11;10380;75.959;29.056;-1752090.375;1077483.776;
347;G11;10410;75.738;29.409;-1752253.33;1095281.627;
348;G11;10440;75.517;29.755;-1752068.847;1134589.179;
349;G11;10470;75.296;30.095;-1751904.589;1067680.683;
350;G11;10500;75.076;30.429;-1751964.306;1077007.898;
351;G11;10530;74.855;30.757;-1751802.461;1137254.098;
352;G11;10560;74.635;31.08;-1752058.987;1102039.1;
353;G11;10590;74.414;31.397;-1752173.338;1081576.33;
354;G11;10620;74.194;31.71;-1752099.633;1127641.356;
355;G11;10650;73.974;32.018;-1752118.898;1098993.479;
356;G11;10680;73.754;32.321;-1751932.599;1069298.669;
357;G11;10710;73.534;32.62;-1752013.441;1081576.33;
358;G11;10740;73.314;32.915;-1752135.637;1051405.642;
359;G11;10770;73.095;33.205;-1752021.479;1093853.992;
360;G11;10800;72.875;33.492;-1752020.818;1096423.736;
362;G11;10860;72.434;34.032;-1751895.734;1119456.248;
363;G11;10890;72.214;34.298;-1751927.369;1107178.586;
364;G11;10920;71.994;34.56;-1751869.957;1142393.584;
365;G11;10950;71.774;34.82;-1751717.46;1135731.288;
366;G11;10980;71.554;35.076;-1751510.325;1093378.114;
368;G11;11040;71.115;35.582;-1751730.253;1104513.667;
369;G11;11070;70.896;35.831;-1751919.453;1120503.18;
370;G11;11100;70.677;36.078;-1751973.723;1096043.032;
371;G11;11130;70.458;36.322;-1751958.264;1060732.859;
372;G11;11160;70.24;36.565;-1752084.977;1062541.196;
374;G11;11220;69.804;37.043;-1751702.997;1053975.385;
375;G11;11250;69.586;37.28;-1751626.258;1131733.909;
376;G11;11280;69.368;37.514;-1751481.601;1090808.371;
377;G11;11310;69.151;37.747;-1750799.943;1078530.709;
378;G11;11340;68.934;37.977;-1750723.806;1097851.37;
379;G11;11370;68.717;38.207;-1750637.103;1107083.41;
380;G11;11400;68.5;38.434;-1750512.668;1097851.37;
381;G11;11430;68.283;38.651;-1750334.803;1146581.314;
382;G11;11460;68.065;38.866;-1749755.773;1129068.991;
383;G11;11490;67.848;39.08;-1749680.538;1092331.181;
384;G11;11520;67.631;39.292;-1749382.231;1122025.991;
385;G11;11550;67.414;39.504;-1748944.769;1111651.843;
386;G11;11580;67.198;39.714;-1748582.166;1078530.709;
387;G11;11610;66.982;39.923;-1748405.505;1070345.601;
388;G11;11640;66.766;40.131;-1747953.249;1060732.858;
389;G11;11670;66.55;40.338;-1747596.681;1070345.601;
390;G11;11700;66.335;40.544;-1747211.738;1097851.37;
391;G11;11730;66.119;40.75;-1746603.421;1088238.627;
392;G11;11760;65.904;40.954;-1746098.339;1075960.966;
393;G11;11790;65.69;41.157;-1745681.7;1077103.074;
394;G11;11820;65.475;41.359;-1745447.983;1115744.397;
395;G11;11850;65.261;41.561;-1744775.369;1078530.709;
396;G11;11880;65.048;41.762;-1744580.893;1102039.1;
397;G11;11910;64.834;41.962;-1743850.623;1114221.586;
398;G11;11940;64.621;42.161;-1743315.049;1104132.965;
399;G11;11970;64.408;42.36;-1742937.345;1066253.048;
400;G11;12000;64.195;42.557;-1742616.993;1089666.262;
401;G11;12030;63.981;42.746;-1742096.813;1099374.181;
402;G11;12060;63.768;42.935;-1741674.13;1064825.412;
403;G11;12090;63.555;43.122;-1741390.301;1108606.221;
404;G11;12120;63.342;43.31;-1741022.253;1107178.586;
405;G11;12150;63.13;43.497;-1741216.26;1067775.858;
406;G11;12180;62.917;43.683;-1740712.98;1056640.304;
407;G11;12210;62.705;43.869;-1740434.884;1120883.883;
408;G11;12240;62.494;44.055;-1740215.648;1112318.072;
409;G11;12270;62.282;44.24;-1739503.483;1154766.422;
410;G11;12300;62.071;44.425;-1739329.524;1118314.14;
411;G11;12330;61.86;44.609;-1739052.633;1062160.493;
412;G11;12360;61.65;44.793;-1738495.921;1089666.263;
413;G11;12390;61.439;44.977;-1738318.642;1129068.991;
415;G11;12450;61.019;45.343;-1737712.03;1097851.37;
416;G11;12480;60.81;45.526;-1737234.402;1107178.586;
417;G11;12510;60.601;45.708;-1736846.727;1129068.991;
418;G11;12540;60.392;45.89;-1736468.106;1109748.329;
419;G11;12570;60.184;46.071;-1735895.694;1100516.289;
420;G11;12600;59.975;46.253;-1736044.112;1172659.448;
421;G11;12630;59.766;46.427;-1735040.951;1149626.936;
422;G11;12660;59.557;46.601;-1734950.6;1105750.951;
423;G11;12690;59.349;46.774;-1734446.707;1113840.883;
424;G11;12720;59.141;46.948;-1734142.642;1122121.166;
426;G11;12780;58.725;47.295;-1732993.886;1077103.074;
427;G11;12810;58.518;47.468;-1732694.649;1092236.006;
428;G11;12840;58.311;47.641;-1731979.152;1055498.196;
429;G11;12870;58.104;47.814;-1731979.656;1094900.925;
430;G11;12900;57.897;47.986;-1731743.505;1156289.233;
431;G11;12930;57.691;48.159;-1731091.094;1090808.371;
432;G11;12960;57.485;48.332;-1730652.699;1093378.114;
433;G11;12990;57.28;48.504;-1730709.95;1138396.207;
434;G11;13020;57.074;48.677;-1730467.458;1128783.463;
435;G11;13050;56.869;48.849;-1730167.311;1098993.478;
436;G11;13080;56.664;49.021;-1730084.197;1100421.113;
437;G11;13110;56.46;49.193;-1729778.315;1084146.074;
438;G11;13140;56.256;49.365;-1729457.036;1093758.816;
439;G11;13170;56.052;49.537;-1729186.771;1133161.544;
440;G11;13200;55.849;49.709;-1728811.157;1098993.479;
441;G11;13230;55.644;49.874;-1728344.987;1078911.412;
442;G11;13260;55.44;50.04;-1728217.498;1097470.668;
443;G11;13290;55.237;50.205;-1727772.154;1128688.288;
444;G11;13320;55.033;50.371;-1727382.05;1126118.545;
445;G11;13350;54.83;50.537;-1727202.036;1115363.694;
446;G11;13380;54.627;50.702;-1726969.198;1101563.222;
447;G11;13410;54.424;50.868;-1726560.074;1072915.345;
449;G11;13470;54.02;51.2;-1725766.278;1062160.493;
450;G11;13500;53.818;51.365;-1725419.336;1107178.586;
452;G11;13560;53.416;51.697;-1724488.495;1070726.304;
453;G11;13590;53.215;51.863;-1723665.827;1071868.412;
454;G11;13620;53.015;52.029;-1723198.745;1063683.304;
455;G11;13650;52.814;52.195;-1722909.455;1052452.575;
456;G11;13680;52.614;52.361;-1722982.995;1104132.965;
457;G11;13710;52.415;52.527;-1722186.285;1056925.832;
458;G11;13740;52.216;52.693;-1721947.102;1104608.843;
459;G11;13770;52.016;52.859;-1720927.622;1096423.735;
460;G11;13800;51.818;53.025;-1720577.356;1151054.571;
461;G11;13830;51.618;53.186;-1720094.573;1175229.191;
462;G11;13860;51.419;53.347;-1719441.545;1126213.72;
463;G11;13890;51.22;53.507;-1718890.543;1133161.544;
464;G11;13920;51.022;53.668;-1718741.31;1103086.032;
465;G11;13950;50.823;53.83;-1717834.721;1108606.221;
466;G11;13980;50.625;53.991;-1717188.633;1164379.165;
467;G11;14010;50.428;54.152;-1716461.95;1127641.356;
468;G11;14040;50.23;54.314;-1715646.52;1161809.421;
469;G11;14070;50.033;54.475;-1714845.881;1153624.314;
470;G11;14100;49.836;54.637;-1714456.068;1164379.164;
471;G11;14130;49.639;54.799;-1713557.023;1144011.571;
473;G11;14190;49.247;55.122;-1712405.808;1059590.75;
474;G11;14220;49.051;55.284;-1711265.58;1063683.304;
475;G11;14250;48.856;55.447;-1710955.755;1137254.098;
476;G11;14280;48.661;55.609;-1709854.465;1097851.37;
477;G11;14310;48.466;55.771;-1709451.064;1096328.56;
478;G11;14340;48.271;55.934;-1708747.317;1097470.668;
479;G11;14370;48.077;56.096;-1707650.252;1093853.992;
480;G11;14400;47.883;56.259;-1706949.221;1109748.329;
481;G11;14430;47.689;56.416;-1706049.267;1130591.801;
482;G11;14460;47.494;56.574;-1705054.529;1130211.099;
483;G11;14490;47.3;56.733;-1703985.535;1089666.263;
484;G11;14520;47.106;56.891;-1703262.467;1144011.571;
485;G11;14550;46.913;57.049;-1702275.577;1104513.667;
486;G11;14580;46.719;57.208;-1701490.325;1101563.221;
487;G11;14610;46.526;57.367;-1700868.377;1105655.775;
488;G11;14640;46.334;57.525;-1700006.152;1119456.248;
489;G11;14670;46.141;57.685;-1699429.482;1105750.951;
490;G11;14700;45.949;57.844;-1698590.801;1142869.463;
491;G11;14730;45.757;58.003;-1697924.781;1195691.96;
492;G11;14760;45.566;58.163;-1697321.546;1101943.924;
493;G11;14790;45.374;58.322;-1696826.074;1198642.406;
494;G11;14820;45.183;58.482;-1695975.317;1216059.554;
496;G11;14880;44.802;58.802;-1695039.006;1156289.233;
497;G11;14910;44.612;58.962;-1693987.816;1191599.407;
498;G11;14940;44.422;59.122;-1693555.429;1109748.329;
499;G11;14970;44.232;59.282;-1692853.787;1176752.002;
500;G11;15000;44.043;59.443;-1692319.373;1202639.785;
501;G11;15030;43.853;59.599;-1691602.939;1187411.677;
502;G11;15060;43.663;59.755;-1691141.875;1142488.76;
503;G11;15090;43.474;59.912;-1690452.608;1164379.165;
504;G11;15120;43.285;60.068;-1689891.327;1138396.206;
505;G11;15150;43.096;60.225;-1689132.934;1134684.355;
506;G11;15180;42.907;60.382;-1688363.976;1202354.257;
507;G11;15210;42.719;60.54;-1687484.538;1182272.191;
508;G11;15240;42.531;60.697;-1686481.641;1202734.96;
509;G11;15270;42.343;60.855;-1686048.95;1134303.653;
510;G11;15300;42.156;61.012;-1685300.516;1246135.067;
511;G11;15330;41.968;61.17;-1683988.216;1296387.821;
512;G11;15360;41.781;61.328;-1683081.61;1243184.621;
513;G11;15390;41.594;61.486;-1682253.486;1226909.581;
514;G11;15420;41.408;61.645;-1681179.953;1198547.231;
515;G11;15450;41.222;61.803;-1680715.564;1145439.206;
516;G11;15480;41.036;61.962;-1679783.902;1176656.826;
517;G11;15510;40.85;62.12;-1678688.635;1214917.446;
518;G11;15540;40.665;62.279;-1677515.488;1262600.457;
519;G11;15570;40.479;62.438;-1676197.753;1240995.58;
520;G11;15600;40.295;62.597;-1675193.041;1153624.314;
521;G11;15630;40.109;62.752;-1674156.634;1154766.422;
522;G11;15660;39.924;62.908;-1673531.052;1133161.544;
523;G11;15690;39.739;63.063;-1672098.912;1171136.637;
524;G11;15720;39.554;63.219;-1670750.385;1125071.612;
525;G11;15750;39.37;63.375;-1669840.757;1107178.586;
526;G11;15780;39.186;63.531;-1668693.567;1117933.437;
527;G11;15810;39.002;63.688;-1667471.517;1119361.072;
528;G11;15840;38.818;63.844;-1666244.336;1159239.678;
529;G11;15870;38.634;64.001;-1664858.378;1164474.34;
530;G11;15900;38.451;64.158;-1663530.677;1135826.463;
531;G11;15930;38.268;64.315;-1662110.006;1029895.941;
532;G11;15960;38.086;64.472;-1661201.28;1097851.37;
533;G11;15990;37.903;64.629;-1660161.247;1127546.18;
534;G11;16020;37.721;64.786;-1658749.328;1161809.421;
536;G11;16080;37.357;65.102;-1656592.59;1164379.164;
537;G11;16110;37.176;65.259;-1654994.728;1172659.448;
538;G11;16140;36.995;65.417;-1654260.775;1180749.38;
539;G11;16170;36.814;65.575;-1652542.169;1136968.571;
540;G11;16200;36.633;65.733;-1651698.642;1074818.858;
541;G11;16230;36.452;65.888;-1650590.689;1077007.899;
542;G11;16260;36.271;66.043;-1649687.998;1192646.339;
543;G11;16290;36.09;66.198;-1648044.856;1367484.048;
544;G11;16320;35.91;66.353;-1646289.121;1213489.811;
545;G11;16350;35.73;66.509;-1645101.175;1168471.718;
546;G11;16380;35.55;66.665;-1644295.983;1229860.027;
547;G11;16410;35.37;66.82;-1642649.518;1266597.836;
548;G11;16440;35.19;66.976;-1641039.578;1186364.745;
550;G11;16500;34.832;67.289;-1639181.367;1137254.098;
551;G11;16530;34.653;67.445;-1638414.811;1017237.577;
552;G11;16560;34.474;67.601;-1637045.448;1167044.084;
553;G11;16590;34.296;67.758;-1635954.397;1126118.545;
554;G11;16620;34.118;67.915;-1635648.773;1244707.431;
555;G11;16650;33.94;68.072;-1633763.539;1160381.787;
556;G11;16680;33.762;68.229;-1632285.809;1181891.488;
557;G11;16710;33.585;68.386;-1631212.868;1256985.093;
558;G11;16740;33.408;68.543;-1629693.18;1063683.304;
559;G11;16770;33.231;68.7;-1628424.636;1169994.529;
560;G11;16800;33.054;68.858;-1626429.827;1284205.335;
561;G11;16830;32.877;69.012;-1624915.571;1216059.554;
562;G11;16860;32.7;69.167;-1624417.362;1137349.274;
563;G11;16890;32.523;69.322;-1622738.293;1190076.596;
564;G11;16920;32.346;69.477;-1621391.265;1216440.257;
565;G11;16950;32.17;69.632;-1620116.683;1165901.975;
566;G11;16980;31.994;69.787;-1618496.475;1211967;
567;G11;17010;31.818;69.942;-1616836.422;1171517.34;
569;G11;17070;31.467;70.253;-1613922.01;1120883.883;
570;G11;17100;31.292;70.409;-1612638.37;1187506.853;
571;G11;17130;31.117;70.565;-1610762.791;1261077.647;
572;G11;17160;30.942;70.721;-1609468.586;1182272.191;
573;G11;17190;30.767;70.877;-1607282.097;1143916.395;
574;G11;17220;30.593;71.033;-1605928.124;1175134.016;
575;G11;17250;30.419;71.19;-1604326.327;1220152.108;
576;G11;17280;30.245;71.346;-1602375.585;1153243.611;
577;G11;17310;30.071;71.503;-1600852.271;1181891.488;
578;G11;17340;29.897;71.659;-1599425.852;1130211.099;
579;G11;17370;29.724;71.816;-1597715.386;1180749.38;
580;G11;17400;29.551;71.973;-1595342.65;1255842.985;
581;G11;17430;29.377;72.127;-1593980.525;1212347.703;
582;G11;17460;29.204;72.281;-1591572.472;1203877.068;
583;G11;17490;29.031;72.436;-1590237.211;1224244.662;
584;G11;17520;28.858;72.59;-1588254.472;1133161.544;
586;G11;17580;28.513;72.9;-1584045.997;1167424.786;
587;G11;17610;28.341;73.055;-1582092.838;1194169.15;
588;G11;17640;28.169;73.21;-1580127.303;1183319.123;
589;G11;17670;27.997;73.365;-1577862.327;1192646.339;
590;G11;17700;27.825;73.52;-1576322.408;1331697.995;
591;G11;17730;27.654;73.675;-1573876.922;1344356.359;
592;G11;17760;27.482;73.831;-1572128.722;1329128.252;
593;G11;17790;27.311;73.987;-1569853.783;1314280.847;
594;G11;17820;27.14;74.142;-1568563.8;1360726.575;
595;G11;17850;26.969;74.298;-1566940.869;1337694.062;
597;G11;17910;26.628;74.61;-1563550.419;1378238.898;
598;G11;17940;26.458;74.766;-1561206.053;1232429.769;
599;G11;17970;26.288;74.922;-1559489.546;1266597.836;
601;G11;18030;25.948;75.232;-1556511.73;1258412.728;
602;G11;18060;25.778;75.386;-1554846.841;1251464.904;
603;G11;18090;25.609;75.54;-1552502.172;1357776.129;
604;G11;18120;25.439;75.694;-1549691.137;1206351.636;
605;G11;18150;25.27;75.848;-1547977.345;1083670.195;
606;G11;18180;25.1;76.002;-1546811.422;1277447.863;
607;G11;18210;24.931;76.157;-1544298.921;1259554.836;
608;G11;18240;24.763;76.311;-1542459.859;1206446.811;
609;G11;18270;24.594;76.466;-1540227.782;1240710.053;
610;G11;18300;24.425;76.621;-1538360.345;1317231.293;
611;G11;18330;24.257;76.775;-1536679.757;1315327.78;
613;G11;18390;23.921;77.085;-1532010.641;1124976.437;
614;G11;18420;23.753;77.24;-1530162.22;1221674.919;
615;G11;18450;23.585;77.395;-1527716.126;1259554.836;
616;G11;18480;23.418;77.55;-1526265.551;1340263.805;
617;G11;18510;23.251;77.706;-1522916.003;1371481.426;
618;G11;18540;23.083;77.861;-1521107.426;1281540.416;
619;G11;18570;22.916;78.016;-1518753.7;1348448.913;
620;G11;18600;22.749;78.171;-1516709.676;1297910.632;
621;G11;18630;22.582;78.325;-1513279.23;1295245.713;
622;G11;18660;22.416;78.478;-1511106.313;1296768.524;
623;G11;18690;22.249;78.631;-1508717.57;1276020.227;
624;G11;18720;22.082;78.785;-1506764.706;1195596.785;
625;G11;18750;21.916;78.939;-1503692.26;1292390.443;
626;G11;18780;21.75;79.092;-1501611.409;1255462.282;
627;G11;18810;21.584;79.246;-1499362.726;1338836.17;
628;G11;18840;21.418;79.4;-1496747.59;1369958.615;
629;G11;18870;21.252;79.554;-1494113.438;1278875.497;
630;G11;18900;21.086;79.708;-1491982.176;1268120.647;
631;G11;18930;20.921;79.862;-1489594.941;1415071.883;
632;G11;18960;20.756;80.016;-1487291.621;1477887.826;
633;G11;18990;20.59;80.17;-1484282.866;1382236.277;
634;G11;19020;20.425;80.324;-1481820.166;1255938.16;
635;G11;19050;20.261;80.478;-1479192.352;1491212.42;
636;G11;19080;20.096;80.633;-1475687.344;1357680.953;
637;G11;19110;19.931;80.787;-1474034.523;1391944.195;
638;G11;19140;19.767;80.941;-1471205.974;1477411.948;
639;G11;19170;19.602;81.095;-1468053.231;1399748.6;
640;G11;19200;19.438;81.25;-1465784.02;1401271.411;
641;G11;19230;19.274;81.402;-1463245.252;1391944.195;
642;G11;19260;19.11;81.555;-1460510.881;1289725.524;
643;G11;19290;18.946;81.708;-1458624.724;1277447.863;
644;G11;19320;18.782;81.86;-1455928.085;1327700.617;
645;G11;19350;18.618;82.013;-1453724.375;1262600.457;
646;G11;19380;18.455;82.166;-1449135.706;1461422.435;
647;G11;19410;18.291;82.319;-1447599.399;1390421.384;
648;G11;19440;18.128;82.472;-1445356.448;1318373.401;
649;G11;19470;17.965;82.625;-1443331.436;1368530.98;
650;G11;19500;17.802;82.778;-1441121.085;1359203.764;
651;G11;19530;17.639;82.931;-1437916.121;1398606.492;
652;G11;19560;17.476;83.084;-1435926.426;1351113.832;
653;G11;19590;17.313;83.237;-1432628.187;1438104.396;
654;G11;19620;17.15;83.39;-1430539.182;1251845.607;
655;G11;19650;16.988;83.543;-1428739.051;1502443.15;
656;G11;19680;16.826;83.696;-1426073.2;1443624.585;
657;G11;19710;16.663;83.849;-1423139.904;1336171.252;
658;G11;19740;16.501;84.002;-1420738.175;1379666.533;
659;G11;19770;16.339;84.155;-1418775.344;1363296.318;
660;G11;19800;16.177;84.309;-1415423.375;1474842.205;
661;G11;19830;16.016;84.46;-1412918.109;1417641.627;
662;G11;19860;15.854;84.612;-1410441.822;1371481.426;
663;G11;19890;15.692;84.763;-1406366.606;1382331.452;
665;G11;19950;15.369;85.067;-1402305.41;1457425.057;
666;G11;19980;15.208;85.218;-1398921.745;1513102.825;
667;G11;20010;15.047;85.37;-1395651.275;1492640.056;
669;G11;20070;14.725;85.674;-1389950.097;1349591.021;
670;G11;20100;14.564;85.825;-1387660.053;1355111.21;
671;G11;20130;14.403;85.977;-1384104.933;1495685.677;
672;G11;20160;14.243;86.129;-1381316.526;1403841.154;
673;G11;20190;14.082;86.281;-1378843.557;1459994.8;
674;G11;20220;13.922;86.432;-1376232.943;1401271.411;
675;G11;20250;13.761;86.584;-1372630.733;1206827.514;
676;G11;20280;13.601;86.736;-1372303.05;1273355.309;
