Time;L1C;L2C;sTec;Azimuth;Elevation;Lat;Lon;vTec;sTec Trend;sTec-Trend;vTec Trend;vTec-Trend;
2022-06-20 00:00:00;109881968.975;85463762.404;-20.5628873982513;63.988934882835125;46.89646188498075;43.61273867383091;81.92157226815507;-12.204474139371742;;;;;
2022-06-20 00:00:30;109900766.041;85478382.321;-20.50835637143478;63.58636673227467;46.84054417772719;43.6323775688445;81.91729452803413;-12.160438925251524;;;;;
2022-06-20 00:01:00;109920409.949;85493660.911;-20.496354295038447;63.185315056476064;46.78214530979049;43.65205873874382;81.91314164020852;-12.141141063098464;;;;;
2022-06-20 00:01:30;109940900.188;85509597.731;-20.41990657548281;62.785829503436766;46.721277980157346;43.671783609042635;81.90911398174929;-12.083207439671975;;;;;
2022-06-20 00:02:00;109962235.089;85526191.501;-20.321541981207716;62.387958783082404;46.65795535564127;43.69155361256914;81.90521194781;-12.011904668518149;;;;;
2022-06-20 00:02:30;109984413.585;85543441.43;-20.292580574837768;61.99175064148155;46.5921910595228;43.71137018979089;81.90143595179883;-11.981202699202584;;;;;
2022-06-20 00:03:00;110007434.514;85561346.585;-20.26440182950264;61.59725183667039;46.52399915992157;43.73123478914266;81.89778642555693;-11.950499684307454;;;;;
2022-06-20 00:03:30;110031297.09;85579906.322;-20.16029717503116;61.20450811610312;46.45339415792205;43.75114886735724;81.89426381954358;-11.874616900819646;;;;;
2022-06-20 00:04:00;110055999.481;85599119.287;-20.146729630980914;60.81356419573903;46.38039097547461;43.77111388979964;81.89086860302812;-11.85165339493777;;;;;
2022-06-20 00:04:30;110081541.137;85618984.986;-20.068194596956005;60.424463740773064;46.305004943093465;43.791131330804326;81.88760126428856;-11.79005255580025;;;;;
2022-06-20 00:05:00;110107920.124;85639501.958;-20.026187493351166;60.037249348010675;46.22725178737357;43.81120267401614;81.88446231081734;-11.749520983797902;;;;;
2022-06-20 00:05:30;110135134.837;85660668.936;-19.97687475270781;59.65196252988625;46.1471476183478;43.83132941273466;81.88145226953417;-11.704296465274497;;;;;
2022-06-20 00:06:00;110163184.824;85682485.571;-19.926257395026084;59.268643700117394;46.06470891670588;43.851513050262454;81.87857168700606;-11.657914635911961;;;;;
2022-06-20 00:06:30;110192067.795;85704950.07;-19.846417707566733;58.887332160985174;45.97995252089645;43.871755100257;81.87582112967499;-11.594076519751562;;;;;
2022-06-20 00:07:00;110221782.28;85728061.313;-19.792147604157886;58.50806609222541;45.89289561413277;43.89205708708681;81.87320118409274;-11.544827165881644;;;;;
2022-06-20 00:07:30;110252326.711;85751818.079;-19.760055262480098;58.1308825415135;45.80355571132342;43.912420546191676;81.87071245716386;-11.508130513620355;;;;;
2022-06-20 00:08:00;110283699.756;85776219.291;-19.653863220747215;57.75581741652032;45.711950645947205;43.932847024447135;81.86835557639618;-11.42795027095326;;;;;
2022-06-20 00:08:30;110315899.821;85801263.765;-19.604550516499934;57.382905478514864;45.61809855689313;43.953338080533534;81.86613119015958;-11.380538736645166;;;;;
2022-06-20 00:09:00;110348925.431;85826950.32;-19.532799199906044;57.01218033748479;45.52201787528388;43.973895285309645;81.86403996795273;-11.319773026394135;;;;;
2022-06-20 00:09:30;110382774.353;85853277.249;-19.50853419649785;56.64367444874434;45.42372731130208;43.994520222191085;81.86208260067849;-11.2861809427964;;;;;
2022-06-20 00:10:00;110417444.683;85880243.007;-19.381208232248873;56.277419110995446;45.323245841037554;44.01521448753363;81.86025980092755;-11.19268395441161;;;;;
2022-06-20 00:10:30;110452935.246;85907846.776;-19.37598987328357;55.91344446580497;45.2205926933732;44.03597969102167;81.85857230327105;-11.169410619393977;;;;;
2022-06-20 00:11:00;110489243.904;85936086.794;;55.551779498460945;45.11578733692649;44.05681745606188;81.85702086456199;;;;;;
2022-06-20 00:11:30;110526368.028;85964961.104;-19.239792877134303;55.19245204016493;45.00884946706331;44.07772942018237;81.85560626424594;-11.049400692024467;;;;;
2022-06-20 00:12:00;110564306.795;85994469.008;-19.178999943306042;54.83548877151931;44.89979899299947;44.09871723543735;81.85432930468072;-10.993181691307154;;;;;
2022-06-20 00:12:30;110603057.278;86024608.23;-19.079069917773097;54.480915227264276;44.78865602500566;44.11978256881765;81.85319081146615;-10.914301002667425;;;;;
2022-06-20 00:13:00;110642618.074;86055377.702;-18.99453375455986;54.12875580221875;44.675440861729406;44.14092710266705;81.85219163378312;-10.844033802458446;;;;;
2022-06-20 00:13:30;110682986.828;86086775.608;-18.96218045307833;53.77903375837805;44.560173977648645;44.16215253510481;81.85133264474283;-10.803295932553699;;;;;
2022-06-20 00:14:00;110724161.636;86118800.473;-18.99583833520217;53.431771233119974;44.44287601066925;44.18346058045449;81.85061474174613;-10.79977150878654;;;;;
2022-06-20 00:14:30;110766140.373;86151450.563;-18.904779377965582;53.086989248470445;44.323567749879025;44.204852969679294;81.85003884685366;-10.725022456094646;;;;;
2022-06-20 00:15:00;110808920.852;86184724.231;-18.81580777159433;52.744707721378376;44.20227012346972;44.22633145082379;81.84960590716622;-10.651294827039912;;;;;
2022-06-20 00:15:30;110852500.398;86218619.41;-18.760754897962457;52.404945474949955;44.079004186837885;44.24789778946293;81.84931689521638;-10.596569611540012;;;;;
2022-06-20 00:16:00;110896877.749;86253135.103;-18.70335382284971;52.06772025059133;43.95379111087462;44.26955376915768;81.84917280937127;-10.540288221456896;;;;;
2022-06-20 00:16:30;110942049.531;86288268.678;-18.625340562848017;51.73304872100933;43.82665217045349;44.29130119191811;81.8491746742468;-10.47219819232069;;;;;
2022-06-20 00:17:00;110988014.197;86324018.941;-18.54837096008096;51.40094650401904;43.69760873312547;44.313141878673946;81.8493235411338;-10.404536014198339;;;;;
2022-06-20 00:17:30;111034768.782;86360383.574;-18.44452722901715;51.071428177107975;43.5666822480286;44.33507766975256;81.84962048843605;-10.32168323872476;;;;;
2022-06-20 00:18:00;111082311.136;86397360.914;-18.33546517538411;50.74450729270637;43.433894235019906;44.35711042536495;81.85006662212062;-10.235846979622554;;;;;
2022-06-20 00:18:30;111130638.561;86434948.88;-18.262148354740237;50.42019639411401;43.29926627403569;44.37924202609979;81.85066307618119;-10.169870663454349;;;;;
2022-06-20 00:19:00;111179748.841;86473145.729;-18.178916808565372;50.09850703203425;43.16281999468652;44.401474373425515;81.85141101311396;-10.098251753037447;;;;;
2022-06-20 00:19:30;111229639.385;86511949.443;-18.079247742836174;49.77944978166672;43.02457706609178;44.4238093902012;81.85231162440716;-10.01742620552489;;;;;
2022-06-20 00:20:00;111280308.271;86551358.539;-17.991058797499747;49.463034260310984;42.88455918695868;44.44624902119584;81.85336613104401;-9.94290199398709;;;;;
2022-06-20 00:20:30;111331752.384;86591370.612;-17.956096371129668;49.14926914543442;42.742788075909246;44.46879523361675;81.85457578401981;-9.89765013089141;;;;;
2022-06-20 00:21:00;111383968.726;86631983.277;-17.849382555373566;48.83816219315868;42.599285462059065;44.49145001764692;81.85594186487317;-9.812739202775758;;;;;
2022-06-20 00:21:30;111436955.242;86673195.011;-17.847817087719648;48.529720257119806;42.454073075850324;44.51421538699197;81.85746568623227;-9.78548300612218;;;;;
2022-06-20 00:22:00;111490709.06;86715003.476;;48.22394930765868;42.30717264014127;44.53709337943649;81.85914859237589;;;;;;
2022-06-20 00:22:30;111545227.378;86757406.592;-17.659176270034926;47.92085445129923;42.158605861554015;44.560086057410366;81.8609919598101;-9.628922276351028;;;;;
2022-06-20 00:23:00;111600507.748;86800402.416;-17.613777271318504;47.62043995047403;42.00839442208146;44.58319550856511;81.86299719786076;-9.577228188145273;;;;;
2022-06-20 00:23:30;111656547.188;86843988.616;-17.540721337686243;47.32270924345687;41.85655997095418;44.60642384636061;81.86516574928248;-9.510390030633888;;;;;
2022-06-20 00:24:00;111713342.455;86888162.665;-17.42905026835285;47.027664964464385;41.70312411676764;44.629773210662385;81.86749909088407;-9.422619488012108;;;;;
2022-06-20 00:24:30;111770891.274;86932922.826;-17.35495067748595;46.73530896389023;41.548108419868825;44.65324576834969;81.86999873417129;-9.355175366692672;;;;;
2022-06-20 00:25:00;111829190.077;86978266.303;-17.269370893434143;46.44564232863553;41.39153438500227;44.67684371393483;81.87266622600734;-9.281524365379768;;;;;
2022-06-20 00:25:30;111888237.179;87024191.767;-17.12899923195027;46.15866540250262;41.23342345421385;44.70056927019358;81.87550314929123;-9.178521045785448;;;;;
2022-06-20 00:26:00;111948028.453;87070696.057;-17.048637734071637;45.87437780661886;41.07379700001106;44.72442468880761;81.87851112365492;-9.107770274855511;;;;;
2022-06-20 00:26:30;112008561.512;87117777.273;-16.92626909619209;45.59277845985985;40.912676318777905;44.7484122510184;81.88169180617939;-9.014654630068184;;;;;
2022-06-20 00:27:00;112069832.782;87165432.662;-16.82477356660916;45.313865599242696;40.7500826244421;44.772534268293654;81.88504689213057;-8.932775159951404;;;;;
2022-06-20 00:27:30;112131840.077;87213660.534;-16.76815522532337;45.03763680026087;40.58603704239217;44.796793083005994;81.88857811571502;-8.874741217715396;;;;;
2022-06-20 00:28:00;112194579.696;87262457.988;-16.70370954576799;44.76408899713469;40.42056060364147;44.82119106912441;81.89228725085668;-8.812528850141028;;;;;
2022-06-20 00:28:30;112258048.694;87311822.698;-16.548204799787825;44.493218502951834;40.25367423923624;44.8457306329188;81.89617611199455;-8.702414160426677;;;;;
2022-06-20 00:29:00;112322244.068;87361752.382;-16.42766255296987;44.22502102967456;40.08539877490441;44.8704142136778;81.90024655490251;-8.610928033268255;;;;;
2022-06-20 00:29:30;112387162.62;87412244.564;-16.3686960102032;43.95949170799158;39.91575492594108;44.89524428444014;81.90450047753122;-8.551803989259783;;;;;
2022-06-20 00:30:00;112452800.978;87463296.552;-16.20849486126128;43.69662510699327;39.74476329232767;44.9202233527401;81.90893982087343;-8.43995266482663;-16.288430209717962;0.07993534845668293;-8.500716465703507;0.06076380087687738;
2022-06-20 00:30:30;112519155.629;87514905.708;-16.168575072125705;43.4364152536515;39.572444354080304;44.945353961366926;81.91356656985263;-8.390870059949373;-16.188317537799644;0.019742465673939336;-8.420705571903644;0.029835511954271254;
2022-06-20 00:31:00;112586223.987;87567069.922;-16.017244955084074;43.17885565208556;39.39881846682324;44.97063868913902;81.91838275423639;-8.284099444034208;-16.084812984114972;0.0675680290308982;-8.339071209450204;0.05497176541599558;
2022-06-20 00:31:30;112654002.575;87619786.564;-15.929056046143716;42.92393930259759;39.22390585758336;44.9960801516928;81.92339044957436;-8.210207507450063;-15.980369141345534;0.05131309520181837;-8.257081638933803;0.0468741314837402;
2022-06-20 00:32:00;112722487.991;87673052.967;-15.85469556826521;42.6716587204622;39.04772662080111;45.02168100228671;81.92859177816236;-8.143536239796958;-15.876020963213033;0.02132539494782293;-8.175320350741092;0.031784110944133914;
2022-06-20 00:32:30;112791676.135;87726865.926;-15.75633104678225;42.42200595445566;38.870300714553515;45.04744393262087;81.9339889100326;-8.064653950609015;-15.767506859654928;0.011175812872677326;-8.091658694014;0.027004743404985376;
2022-06-20 00:33:00;112861564.588;87781223.575;-15.670229488707228;42.174972605112465;38.69164795698436;45.07337167367221;81.93958406397125;-7.992194559858139;-15.65847092990591;-0.011758558801318486;-8.00790244443562;0.0157078845774814;
2022-06-20 00:33:30;112932149.556;87836122.952;-15.570299463174285;41.930549842696415;38.511788022937026;45.099466996545964;81.94537950856406;-7.912838474005782;-15.54865225905072;-0.0216472041235658;-7.924034100729346;0.011195626723564445;
2022-06-20 00:34:00;113003427.965;87891561.653;-15.425753063563674;41.68872842487659;38.330740440785256;45.12573271334356;81.95137756327038;-7.811078504894792;-15.438503097344494;0.012750033780820402;-7.8401725992286755;0.029094094333883547;
2022-06-20 00:34:30;113075396.696;87947537.32;-15.396008923366765;41.449498714097686;38.14852458945671;45.152171678047104;81.95758059952709;-7.767598674477618;-15.327675559042358;-0.06833336432440618;-7.756236719562115;-0.01136195491550307;
2022-06-20 00:35:00;113148052.015;88004046.962;-15.277293067610406;41.21285069463684;37.96515969564467;45.1787867874212;81.96399104188278;-7.679338147957277;-15.214865074420825;-0.0624279931895817;-7.671577715350306;-0.007760432606970902;
2022-06-20 00:35:30;113221390.265;88061087.755;-15.11735284207616;40.978773989339224;37.78066483120276;45.20558098193203;81.97061136916312;-7.570711618937887;-15.102732966395202;-0.014619875680958572;-7.58738786090465;0.016676241966763428;
2022-06-20 00:36:00;113295408.36;88118657.341;-15.015335538470016;40.747257876025316;37.59505891071804;45.232557246684216;81.97744411566852;-7.491425040778082;-14.987669924305283;-0.027665614164732233;-7.50198260169644;0.010557560918358355;
2022-06-20 00:36:30;113370102.438;88176752.669;-14.860352639305196;40.51829130356536;37.408360689256945;45.25971861237589;81.98449187240477;-7.3860438481459685;-14.871963295407147;0.011610656101950667;-7.4166246604463035;0.030580812300335047;
2022-06-20 00:37:00;113445468.875;88235370.972;-14.773729234414823;40.291862907614764;37.220588760279824;45.287068156272106;81.99175728834773;-7.314948158696979;-14.755117342211037;-0.01861189220378634;-7.3310267298114535;0.016078571114474194;
2022-06-20 00:37:30;113521504.708;88294509.903;-14.65579611248542;40.06796102600781;37.03176155371843;45.314609003197;81.99924307174292;-7.2285954623551545;-14.635949256823976;-0.019846855661445062;-7.244533015041126;0.015937552685971745;
2022-06-20 00:38:00;113598205.558;88354166.057;-14.508640660778394;39.84657371380567;36.84189733421202;45.34234432654524;82.00695199144137;-7.128197314542049;-14.517120359734868;0.00847969895647438;-7.158585126730745;0.030387812188696017;
2022-06-20 00:38:30;113675568.095;88414336.876;-14.407406054603141;39.62768875799688;36.65101419949654;45.37027734931272;82.01488687827208;-7.050702915141905;-14.396847734984714;-0.010558319618427348;-7.072136153372566;0.02143323823066101;
2022-06-20 00:39:00;113753588.819;88475019.615;-14.298604924377774;39.41129369184797;36.45913007894268;45.39841134514722;82.02305062645304;-6.969780842230762;-14.274766108000803;-0.02383881637697094;-6.9852434896948825;0.015462647464120849;
2022-06-20 00:39:30;113832264.084;88536211.403;-14.099527570742776;39.19737580890421;36.26626273223737;45.42674963941907;82.03144619504111;-6.8453256648799465;-14.155276229209626;0.05574865846685029;-6.8998129449530365;0.054487280073090005;
2022-06-20 00:40:00;113911589.908;88597909.223;-13.998293000963589;38.98592217663905;36.07242974820441;45.455295610312405;82.04007660942243;-6.768836878028327;;;;;
2022-06-20 00:40:30;113991562.757;88660110.258;-13.834439106294548;38.77691964975318;35.87764854375902;45.48405268993712;82.0489449628442;-6.662470734597235;;;;;
2022-06-20 00:41:00;114072178.824;88722811.605;-13.744162882884922;38.570354883123876;35.68193636299215;45.513024365462044;82.05805441798935;-6.5919252298354385;;;;;
2022-06-20 00:41:30;114153434.758;88786010.604;-13.60144294712804;38.36621434440564;35.48531027637952;45.54221418026948;82.0674082085949;-6.4965782400714165;;;;;
2022-06-20 00:42:00;114235327.128;88849704.601;-13.440459027963092;38.164484326284516;35.28778718011106;45.57162573513161;82.07700964111591;-6.393005033597134;;;;;
2022-06-20 00:42:30;114317851.285;88913890.041;-13.404191984554636;37.96515095838754;35.089383795536364;45.60126268940896;82.08686209643555;-6.349045584345705;;;;;
2022-06-20 00:43:00;114401003.505;88978563.925;-13.251818283070508;37.76820021885097;34.890116668721355;45.63112876227131;82.0969690316235;-6.250371073894713;;;;;
2022-06-20 00:43:30;114484780.543;89043723.769;-13.077005932843706;37.57361794554945;34.69000217011253;45.66122773394113;82.10733398174325;-6.141675922922558;;;;;
2022-06-20 00:44:00;114569178.399;89109366.48;-12.922283957086565;37.381389846990196;34.48905649430381;45.69156344696039;82.11796056171046;-6.04299011422272;;;;;
2022-06-20 00:44:30;114654192.823;89175488.755;-12.793653448591348;37.191501512875554;34.287295659902576;45.722139807480204;82.12885246820343;-5.956992546149955;;;;;
2022-06-20 00:45:00;114739820.592;89242088.067;-12.643627948588092;37.00393842433835;34.08473550949017;45.75296078657445;82.1400134816272;-5.861516015515165;;;;;
2022-06-20 00:45:30;114826057.141;89309160.903;-12.560396329621094;36.81868596288038;33.8813916998128;45.784030422716775;82.15144746934033;-5.797400859203987;;;;;
2022-06-20 00:46:00;114912899.34;89376704.748;-12.354796145566684;36.63572942296819;33.67727973120381;45.81535281977622;82.16315838416764;-5.67731953370375;;;;;
2022-06-20 00:46:30;115000342.357;89444715.979;-12.344359682408545;36.455054018241434;33.47241491891467;45.84693215170478;82.17515027003091;-5.647291165194676;;;;;
2022-06-20 00:47:00;115088383.51;89513192.385;;36.27664489152592;33.26681240288969;45.878772662870276;82.18742726300395;;;;;;
2022-06-20 00:47:30;115177017.862;89582130.144;-12.07040000407969;36.10048712350144;33.060487148142286;45.91087866949116;82.19999359357014;-5.4724212909726315;;;;;
2022-06-20 00:48:00;115266241.438;89651526.214;-11.965512652177319;35.92656574107132;32.85345394520371;45.94325456109626;82.21285358894377;-5.400223001217217;;;;;
2022-06-20 00:48:30;115356051.131;89721378.142;-11.835316603236048;35.7548657254396;32.64572741064052;45.97590480200952;82.22601167545726;-5.317030381812375;;;;;
2022-06-20 00:49:00;115446442.403;89791682.367;-11.605973226192726;35.58537201990104;32.43732198763777;46.00883393285993;82.23947238101599;-5.18998530268774;;;;;
2022-06-20 00:49:30;115537411.157;89862435.81;-11.530047244264233;35.41806953734995;32.22825194664456;46.042046572116696;82.25324033762286;-5.132127608768874;;;;;
2022-06-20 00:50:00;115628953.415;89933635.271;-11.358626789149012;35.252943167513365;32.018531386078756;46.07554741764967;82.26732028397447;-5.03223079849125;;;;;
2022-06-20 00:50:30;115721065.995;90005278.349;-11.265219630431549;35.08997778391471;31.80817423308808;46.10934124831538;82.28171706813137;-4.967402879993627;;;;;
2022-06-20 00:51:00;115813743.953;90077361.132;-11.093277401293111;34.92915825057371;31.597194244364427;46.143432925568064;82.29643565026376;-4.868456658043763;;;;;
2022-06-20 00:51:30;115906982.989;90149880.326;-10.961254961290246;34.77046942844833;31.385605007008632;46.17782739509641;82.31148110547596;-4.7876260020040435;;;;;
2022-06-20 00:52:00;116000780.067;90222833.541;-10.801836473383151;34.61389618162506;31.173419939442944;46.21252968848521;82.32685862671072;-4.695403347753355;;;;;
2022-06-20 00:52:30;116095129.744;90296216.558;-10.648940925083668;34.45942338326326;30.96065229236855;46.24754492490246;82.34257352773676;-4.606637526369587;;;;;
2022-06-20 00:53:00;116190029.116;90370027.075;-10.400811827005132;34.30703592129963;30.74731514976547;46.282878312811114;82.3586312462212;-4.4774856958713025;;;;;
2022-06-20 00:53:30;116285474.183;90444262.069;-10.264353834656056;34.15671870391886;30.533421429932485;46.31853515170575;82.37503734688966;-4.397188051948968;;;;;
2022-06-20 00:54:00;116381460.215;90518917.803;-10.103109028479501;34.00845666479616;30.318983886564574;46.35452083387357;82.3917975247765;-4.30687352435;;;;;
2022-06-20 00:54:30;116477983.554;90593991.46;-9.983088628476898;33.86223476811785;30.104015109865642;46.39084084617972;82.40891760856798;-4.234702889151577;;;;;
2022-06-20 00:55:00;116575039.994;90669479.731;-9.815842802300212;33.71803801338594;29.88852752769404;46.427500771875906;82.42640356404034;-4.14308581414971;-9.939185500854183;0.12334269855397118;-4.228374622015788;0.08528880786607829;
2022-06-20 00:55:30;116672624.829;90745378.986;-9.672340132716371;33.57585144001211;29.67253340673913;46.46450629243266;82.44426149759661;-4.0621286961298;-9.791908287316643;0.11956815460027137;-4.145543441392305;0.08341474526250447;
2022-06-20 00:56:00;116770734.864;90821686.739;-9.550232418244502;33.4356601317074;29.456044853726464;46.501863189393944;82.46249765990387;-3.990702997531532;-9.644309279161794;0.0940768609172924;-4.0630991263557465;0.07239612882421476;
2022-06-20 00:56:30;116869365.47;90898399.355;-9.368114503771327;33.297449220673016;29.23907381664964;46.539577346253964;82.48111844963447;-3.8948314364414482;-9.494649051304844;0.12653454753351667;-3.9804271276552825;0.08559569121383426;
2022-06-20 00:57:00;116968513.091;90975514.093;-9.184170161840493;33.161203891598035;29.02163208602706;46.57765475035519;82.50013041731398;-3.798963934792883;-9.346006387128563;0.16183622528807007;-3.898929788595591;0.09996585380270773;
2022-06-20 00:57:30;117068172.56;91053026.973;-9.08945845887679;33.0269093854695;28.80373129618157;46.61610149480693;82.51954026927895;-3.74058818117009;-9.197468091102149;0.1080096322253592;-3.8179339636898764;0.07734578251978652;
2022-06-20 00:58:00;117168340.146;91130935.073;-9.03675382312186;32.89455100320064;28.585382926541218;46.65492378042348;82.53935487174726;-3.6998059984786935;-9.047990504777768;0.011236681655908853;-3.7372459656767485;0.03743996719805498;
2022-06-20 00:58:30;117269011.953;91209235.274;-8.81758613141327;32.76411410908228;28.36659830295947;46.694127917680746;82.55958125500467;-3.591442413448177;-8.89971312124021;0.08212698982693922;-3.65751617566392;0.06607376221574324;
2022-06-20 00:59:00;117370183.474;91287924.167;-8.658428603309916;32.63558413406329;28.147388599053215;46.733720328690445;82.58022661771052;-3.508319759272272;-8.753279528510896;0.09485092520097993;-3.579148811966406;0.0708290526941342;
2022-06-20 00:59:30;117471850.437;91366998.431;-8.563194980738725;32.50894657886482;27.927764837556925;46.7737075491903;82.60129833132576;-3.4516371026775654;-8.605584850866306;0.042389870127580664;-3.5008941015868307;0.04925699890926527;
2022-06-20 01:00:00;117574008.665;91446454.765;-8.409255811600676;32.38418701693391;27.70773789169161;46.8140962305492;82.62280394466714;-3.3718209194968143;-8.456481241414364;0.047225429813687825;-3.422761939127343;0.05094101963052866;
2022-06-20 01:00:30;117676654.633;91526290.447;-8.24279271925095;32.26129109724137;27.48731848654675;46.85489314178556;82.64475118859052;-3.2876646749263445;-8.30839519564309;0.06560247639214012;-3.3456427444514194;0.05797806952507489;
2022-06-20 01:01:00;117779783.311;91606501.606;-8.16060483031072;32.14024454692892;27.266517200474347;46.89610517159735;82.66714798080709;-3.2376535267571023;-8.16385757719036;0.003252746879638835;-3.270664056554541;0.03301052979743879;
2022-06-20 01:01:30;117883391.473;91687085.635;-7.932827030109518;32.02103317381049;27.045344466493276;46.9377393304017;82.69000243083597;-3.130543298689645;-8.019806998780457;0.08697996867093849;-3.196459327845553;0.065916029155908;
2022-06-20 01:02:00;117987474.095;91768038.723;-7.786193388821776;31.903642868732636;26.823810573702886;46.97980275238279;82.71332284509711;-3.056254947075232;-7.876243460413382;0.09005007159160616;-3.1230800309354345;0.06682508386020247;
2022-06-20 01:02:30;118092027.189;91849357.739;-7.652083597953576;31.78805960779843;26.601925668704656;47.02230269754482;82.73711773214764;-2.9874858722681648;-7.732349431195277;0.08026583324170122;-3.050143520808788;0.06265764854062317;
2022-06-20 01:03:00;118197047.173;91931039.9;-7.537542407531821;31.674269454459846;26.379699757030597;47.06524655376885;82.76139580806628;-2.926893550120456;-7.588742405593591;0.05119999806176967;-2.9779732245291592;0.0510796744087032;
2022-06-20 01:03:30;118302528.893;92013081.156;-7.345509767527656;31.562258561482732;26.15714270457738;47.10864183886995;82.78616600198903;-2.836870420798466;-7.441560860332595;0.09605109280493895;-2.9051402371535433;0.06826981635507723;
2022-06-20 01:04:00;118408468.619;92095478.636;-7.146693300904267;31.45201317278902;25.934264239045184;47.152496202652756;82.81143746180021;-2.7450651308969993;-7.292048484220521;0.14535518331625408;-2.832056820444239;0.08699168954723957;
2022-06-20 01:04:30;118514861.705;92178228.783;-7.073898363471813;31.343519625180488;25.711073951379962;47.196817428961864;82.83721955998321;-2.702252861597426;-7.141535938108428;0.06763757463661424;-2.7593285824044336;0.057075720807007624;
2022-06-20 01:05:00;118621704.26;92261328.463;-6.874299199417534;31.236764349948004;25.487581297218618;47.24161343772421;82.8635218996346;-2.6115908580974083;-6.990492867145296;0.11619366772776196;-2.6871286396864424;0.07553778158903413;
2022-06-20 01:05:30;118728991.908;92344774.387;-6.816898124304784;31.13173387437055;25.263795598335772;47.28689228697981;82.89035432064578;-2.57550917960878;-6.839110606671008;0.022212482366223973;-2.6153399367283034;0.03983075711952333;
2022-06-20 01:06:00;118836720.69;92428563.39;-6.700269619413759;31.028414823108086;25.039726044091346;47.33266217489728;82.91772690605669;-2.5174357471183337;-6.683527632196628;-0.016741987217130827;-2.5425373335831543;0.025101586464820524;
2022-06-20 01:06:30;118944886.203;92512692.05;-6.530414631952454;30.926793919491914;24.815381692878226;47.378931441770064;82.9456499885852;-2.439984690616788;-6.524552777169095;-0.0058618547833590995;-2.4693638231232584;0.029379132506470285;
2022-06-20 01:07:00;119053484.519;92597157.321;-6.3287281898249725;30.82685798671639;24.59077147356921;47.42570857198907;82.97413415733722;-2.351438473968713;-6.36577795735477;0.037049767529797606;-2.396939524440747;0.0455010504720339;
2022-06-20 01:07:30;119162511.207;92681955.804;-6.206359551945426;30.728593948935874;24.36590418696223;47.47300219598743;83.00319026470117;-2.2930616860918853;-6.204428789094359;-0.0019307628510674135;-2.32418513448922;0.03112344839733483;
2022-06-20 01:08:00;119271962.307;92767084.377;-6.064683273423179;30.63198883227025;24.14078850722347;47.52082109215191;83.03282943343146;-2.2281250589649506;-6.0430796184075435;-0.021603655015635326;-2.2521049350713573;0.023979876106406728;
2022-06-20 01:08:30;119381833.151;92852539.426;-5.942836482358983;30.53702976572257;23.915432983327552;47.56917418869641;83.06306306392547;-2.171046190679317;-5.883348113401405;-0.059488368957577364;-2.181269295474437;0.010223104795120008;
2022-06-20 01:09:00;119492119.32;92938317.495;-5.796202877467307;30.443703982012398;23.689846040494036;47.6180705654915;83.09390284169838;-2.1054946170464577;-5.718120022118607;-0.07808285534869963;-2.1091146849305384;0.0036200678840807576;
2022-06-20 01:09:30;119602817.442;93024415.979;-5.666267751933713;30.35199881832779;23.464035981619848;47.66751945584415;83.12536074506;-2.0466075853521564;-5.557840597367585;-0.10842715456612773;-2.0394397726528335;-0.007167812699322873;
2022-06-20 01:10:00;119713922.606;93110831.039;-5.507632034249641;30.261901716999635;23.238010988706844;47.71753024822147;83.1574490529986;-1.9779769257608582;-5.395760866616526;-0.11187116763311522;-1.9698231942435775;-0.008153731517280605;
2022-06-20 01:10:30;119825430.681;93197559.435;-5.256893774886485;30.173400226100846;23.011779124284125;47.7681124879114;83.19018035327579;-1.877139074861331;-5.230828477610274;-0.026065297276210764;-1.8998991056839996;0.02276003082266853;
2022-06-20 01:11:00;119937337.249;93284597.795;-5.06486113488232;30.086481999974016;22.78534833282451;47.81927587861341;83.2235675507369;-1.7982004962523874;-5.0624172347948475;-0.002443900087472528;-1.8294328317005766;0.031232335448189152;
2022-06-20 01:11:30;120049638.298;93371942.965;-4.852738120408496;30.00113479968998;22.558726442154654;47.87103028395153;83.25762387584179;-1.7129842952472785;-4.8908141429998695;0.03807602259137344;-1.7586878752969823;0.045703580049703874;
2022-06-20 01:12:00;120162329.642;93459591.703;-4.652878032946541;29.917346493440576;22.33192116485849;47.92338572890143;83.29236289341962;-1.6329656532531631;-4.7201242528017;0.06724621985515888;-1.6890151815647951;0.05604952831163201;
2022-06-20 01:12:30;120275407.115;93547540.804;-4.547990644648101;29.83510505686796;22.10494009967331;47.97635240112328;83.32779851165316;-1.586927092425907;-4.54366816396469;-0.004322480683410568;-1.6180077858380608;0.031080693412153915;
2022-06-20 01:13:00;120388866.753;93635787.113;-4.369264588890438;29.754398573333432;21.877790732878424;48.0299406521908;83.36394499129567;-1.5157279041242189;-4.369351569425674;8.698053523570337e-05;-1.548467685002294;0.032739780878075164;
2022-06-20 01:13:30;120502703.799;93724326.901;-4.048340480587313;29.675215234128157;21.650480439675746;48.084160998707695;83.40081695512588;-1.3962370996513174;-4.189207898972169;0.1408674183848566;-1.4775686966741532;0.08133159702283588;
2022-06-20 01:14:00;120616914.365;93813157.276;-3.8951840088801566;29.59754333862852;21.42301648556194;48.139024123300004;83.43842939764423;-1.3355907987969333;-4.007298711093115;0.11211470221295805;-1.4067324669707317;0.07114166817379841;
2022-06-20 01:14:30;120731494.299;93902274.929;-3.7227199329263674;29.521371294398378;21.195406027692133;48.194540875475134;83.47679769501536;-1.26900540413176;-3.8286944317243905;0.10597449879802312;-1.3376608707976774;0.06865546666591738;
2022-06-20 01:15:00;120846438.395;93991675.827;-3.5687806909961846;29.44668761724053;20.96765611623435;48.250722272335004;83.5159376152603;-1.209414936960925;-3.6506380708873465;0.08185737989116193;-1.2695420721870383;0.06012713522611324;
2022-06-20 01:15:30;120961743.946;94081357.872;-3.4508475690667826;29.37348093119983;20.739773695714927;48.30757949913197;83.55586532870245;-1.162595487018738;-3.4707988001573105;0.019951231090527877;-1.2014907843569687;0.038895297338230606;
2022-06-20 01:16:00;121077405.573;94171316.81;-3.203762091826812;29.30173996852007;20.51176560635427;48.365123909654685;83.5965974186713;-1.073015210440135;-3.2888200339160774;0.0850579420892652;-1.1334392983659216;0.060424087925786685;
2022-06-20 01:16:30;121193419.3;94261549.675;-3.1244442875788776;29.23145356955673;20.283638585392794;48.42336702643094;83.63815089246722;-1.0402959303585009;-3.106032434227905;-0.018411853350972507;-1.065761308604131;0.02546537824563022;
2022-06-20 01:17:00;121309781.63;94352053.624;-2.923801466289963;29.162610682647657;20.05539926840688;48.48232054073319;83.68054319259113;-0.9677575947975559;-2.9201138676886376;-0.0036875986013256146;-0.9977981405408138;0.030040545743257985;
2022-06-20 01:17:30;121426488.592;94442825.612;-2.7041119277660246;29.095200363943764;19.827054190614625;48.5419963123724;83.72379220824192;-0.8897632154808272;-2.7340474494044975;0.029935521638472906;-0.9304285121279384;0.04066529664711127;
2022-06-20 01:18:00;121543535.04;94533861.645;-2.485205123069044;29.029211777201574;19.598609788171064;48.60240636926495;83.76791628708503;-0.8129053306177721;-2.5467547384191698;0.06154961535012582;-0.8633806838520628;0.05047535323429064;
2022-06-20 01:18:30;121660916.93;94625158.548;-2.1974170136783373;28.9646341935394;19.370072399452894;48.66356290675622;83.8129342472947;-0.7145217286906368;-2.359470723667563;0.16205370998922586;-0.7972021928238842;0.08268046413324737;
2022-06-20 01:19:00;121778630.126;94716713.183;-2.025996594959182;28.90145699115923;19.14144826633227;48.72547828668466;83.85886538987282;-0.6548843189313862;-2.175482918766162;0.1494863238069799;-0.7327524983905112;0.07786817945912494;
2022-06-20 01:19:30;121896670.577;94808522.318;-1.7802156983615214;28.839669655035536;18.912743535439887;48.78816503616823;83.90572951124628;-0.5720309897953922;-1.9930345073759441;0.21281880901442274;-0.6695338777621698;0.09750288796677753;
2022-06-20 01:20:00;122015033.741;94900582.499;-1.6448013632470797;28.77926177657341;18.683964259416737;48.851635846095235;83.953546916145;-0.5253878330244114;-1.8081161120499016;0.16331474880282193;-0.606333332240345;0.08094549921593364;
2022-06-20 01:20:30;122133715.954;94992890.788;-1.4125880106996644;28.720223053236836;18.455116398154875;48.915903569300426;84.00233843076226;-0.4485395297645544;-1.6239456692555432;0.21135765855587874;-0.5439151668871095;0.09537563712255509;
2022-06-20 01:21:00;122252712.477;95085443.567;-1.2429939830421026;28.662543288149287;18.22620582002683;48.98098121840662;84.05212541619862;-0.39234885601569763;-1.4397143455459298;0.19672036250382718;-0.4821766329792616;0.08982777696356398;
2022-06-20 01:21:30;122372020.171;95178238.41;-1.1722862508907157;28.606212389667796;17.99723830310354;49.046881963311094;84.10292978219015;-0.36783680542515707;-1.254291516496415;0.08200526560569932;-0.4210510588657712;0.053214253440614145;
2022-06-20 01:22:00;122491634.037;95271271.338;-0.9870373647136396;28.551220370931997;17.76821953636095;49.11361912829537;84.15477400112175;-0.30787451564953455;-1.0709212084888715;0.08388384377523195;-0.36115427138322226;0.053279755733687706;
2022-06-20 01:22:30;122611550.195;95364539.386;-0.8111814300443397;28.497557349389638;17.53915512087493;49.181206188736276;84.20768112232524;-0.2515230511897932;-0.8870377693109336;0.07585633926659385;-0.3017769276761496;0.05025387648635643;
2022-06-20 01:23:00;122731764.767;95458039.521;-0.6053202861861865;28.445213546299858;17.310050571004634;49.249656767395386;84.26167478666216;-0.18658047923353277;-0.7009191687716622;0.09559888258547566;-0.24239179469368227;0.0558113154601495;
2022-06-20 01:23:30;122852272.993;95551768.079;-0.4592084917137943;28.39417928621535;17.080911315564162;49.31898463026295;84.31677924138975;-0.14070649782560762;-0.5104520037006285;0.05124351198683419;-0.18233815428310182;0.0416316564574942;
2022-06-20 01:24:00;122973071.234;95645722.164;-0.21864588128930484;28.344444996444967;16.851742698982534;49.38920368193208;84.37301935530938;-0.06659957514693784;-0.32300274231030257;0.10435686102099773;-0.12392621422081168;0.057326639073873836;
2022-06-20 01:24:30;123094155.37;95739898.657;-0.08427520340949755;28.296001206497586;16.62254998245182;49.460327960477905;84.43042063419456;-0.025518732965891605;-0.13241381662196045;0.04813861321246289;-0.06511799224471677;0.03959925927882517;
2022-06-20 01:25:00;123215521.269;95834294.273;0.11114929531017805;28.248838547508825;16.393338345063654;49.53237163181598;84.48900923649657;0.0334579225154119;0.059114399364350104;0.05203489594582794;-0.006745611784839211;0.040203534300251115;
2022-06-20 01:25:30;123337164.681;95928905.709;0.36162666766172674;28.20294775165125;16.164112884933733;49.605348983513146;84.5488119893239;0.10821565598402709;0.25377358220175456;0.10785308545997219;0.05176732518540981;0.05644833079861728;
2022-06-20 01:26:00;123459081.603;96023729.942;0.4547730121597168;28.158319651529432;15.93487862031472;49.679274418024164;84.60985640469173;0.13529033674880087;0.4445364495493334;0.010236562610383415;0.10849212478537827;0.026798211963422594;
2022-06-20 01:26:30;123581268.021;96118763.752;0.620714221298025;28.114945179560852;15.705640490697183;49.75416244532609;84.67217069603704;0.18357432360296203;0.6320378919815876;-0.011323670683562548;0.16350316745666535;0.020071156146296676;
2022-06-20 01:27:00;123703719.552;96214003.715;0.8946738268347434;28.072815367343516;15.476403357898768;49.83002767492238;84.73578379499355;0.2630507124015724;0.8150255232433603;0.07964830359138309;0.2166818885512686;0.0463688238503038;
2022-06-20 01:27:30;123826432.855;96309447.36;0.9771226391826477;28.031921345011277;15.247172007141595;49.90688480718787;84.80072536842053;0.28561786817115503;0.9967520744426607;-0.01962943526001293;0.26880093957295714;0.01681692859819789;
2022-06-20 01:28:00;123949403.208;96405090.891;1.1576751223979709;27.99225434057778;15.017951148117856;49.98474862402615;84.86702583567899;0.33642811311121623;1.1813573738115155;-0.02368225141354463;0.3211733159618589;0.015254797149357346;
2022-06-20 01:28:30;124072626.551;96500931.117;1.5143443908981342;27.953805679269973;14.788745416043646;50.063633978809236;84.93471638614682;0.4375301237533959;1.3687196655854257;0.14562472531270854;0.3736030473191344;0.06392707643426149;
2022-06-20 01:29:00;124196098.847;96596965.086;1.605925231346139;27.916566782851756;14.559559372701065;50.14355578557087;85.0038289969651;0.46131282567953635;1.5543425322745514;0.05158269907158752;0.4250020498755379;0.03631077580399844;
2022-06-20 01:29:30;124319816.456;96693189.813;1.7937832424117668;27.88052916893899;14.330397507468563;50.22452900742336;85.07439645100565;0.5123149070804222;1.7425484436434842;0.05123479876828263;0.4766896539076466;0.03562525317277554;
2022-06-20 01:30:00;124443775.278;96789602.136;2.014777325181948;27.8456844503061;14.101264238339809;50.30656864416844;85.14645235504993;0.5721390525130939;1.9348594007359672;0.07991792444598089;0.528878206166606;0.04326084634648797;
2022-06-20 01:30:30;124567971.229;96886198.881;2.2631673830642285;27.812024334185548;13.872163912930704;50.389689719073125;85.22003115816817;0.6390137252986753;2.1284836262120646;0.13468375685216394;0.5808511757035755;0.05816254959509981;
2022-06-20 01:31:00;124692399.997;96982976.745;2.4197157498829633;27.779540621560493;13.64310080947497;50.47390726478095;85.29516817028656;0.6793429914285704;2.3210641944535273;0.09865155542943604;0.6319534682746663;0.0473895231539041;
2022-06-20 01:31:30;124817057.958;97079932.863;2.593223483071387;27.74822520645144;13.414079137808214;50.55923630833018;85.37189958092965;0.7239507289243453;2.516871397822625;0.0763520852487618;0.6833995093048914;0.04055121961945396;
2022-06-20 01:32:00;124941941.137;97177064.127;2.8220450132993586;27.71807007519757;13.185103040340476;50.64569185525086;85.45026247812437;0.783413818998771;2.7126264189365923;0.10941859436276635;0.7341977516555903;0.049216067343180736;
2022-06-20 01:32:30;125067045.306;97274367.236;3.1356635573561116;27.6890673057333;12.956176593017357;50.73328887271325;85.53029486745055;0.8656248936266447;2.9077726393904215;0.22789091796569005;0.7843824796605617;0.081242413966083;
2022-06-20 01:33:00;125192366.344;97371839.111;3.237680897358324;27.661209066860696;12.727303806269946;50.82204227170133;85.6120356912227;0.8888386573812811;3.104206038313502;0.13347485904482204;0.834355483576202;0.054483173805079055;
2022-06-20 01:33:30;125317900.644;97469476.819;3.427626259289288;27.634487617518275;12.498488625953286;50.91196688818611;85.69552484778617;0.9358095514479752;3.2980389952365265;0.12958726405276133;0.8830549439840661;0.05275460746390903;
2022-06-20 01:34:00;125443644.021;97567277.208;3.4636323428940017;27.60889530604682;12.2697349342738;51.003077463274536;85.78080321091049;0.940477313906712;3.49663797594556;-0.03300563305155846;0.9325980726114557;0.0078792412952563;
2022-06-20 01:34:30;125569593.002;97665237.438;3.6715808376174905;27.58442456945251;12.04104655070543;51.095388622312186;85.86791264926143;0.9915405408552649;3.6977678239320797;-0.026186986314589156;0.9823127732205639;0.009227767634701012;
2022-06-20 01:35:00;125695743.138;97763354.116;3.8933576178185634;27.561067932668205;11.81242723289486;51.1889148529183;85.95689604593257;1.04578345864264;3.8964102930889277;-0.0030526752703643467;1.0307910150558959;0.01499244358674412;
2022-06-20 01:35:30;125822090.839;97861624.416;4.208280742517626;27.538818007813013;11.583880677555646;51.283670481935296;86.04779731801646;1.1243524109537093;4.100323223394865;0.10795751912276152;1.0802633240237198;0.044089086929989474;
2022-06-20 01:36:00;125948632.603;97960045.738;4.3256920176316775;27.517667493450816;11.355410521351535;51.37966965127596;86.14066143619463;1.1496212206764083;4.304914526657106;0.020777490974571933;1.1294482714571488;0.020172949219259495;
2022-06-20 01:36:30;126075363.713;98058614.316;4.47389109017727;27.497609173847994;11.127020341768885;51.476926292654554;86.23553444432433;1.1827913155381038;4.504922446452699;-0.03103135627542919;1.1768118689055005;0.0059794466326033024;
2022-06-20 01:37:00;126202280.33;98157327.109;4.782291348060852;27.478635918231074;10.89871365797834;51.57545410119067;86.33246347900038;1.2577820521192487;4.7062262360984555;0.07606511196239651;1.2241943561330553;0.03358769598619338;
2022-06-20 01:37:30;126329379.281;98256181.757;4.997545334238579;27.46074068004413;10.67049393168603;51.67526650787762;86.43149678906828;1.3076660349192861;4.905468806042114;0.09207652819646484;1.2706499471694894;0.0370160877497967;
2022-06-20 01:38:00;126456656.42;98355175.013;5.172096761057704;27.443916496207144;10.44236456797387;51.776376650910905;86.53268375506583;1.3464882978991914;5.105998552028621;0.06609820902908314;1.316970855422588;0.029517442476603373;
2022-06-20 01:38:30;126584107.578;98454303.588;5.4150076093591375;27.428156486374654;10.214328916129725;51.878797345874524;86.63607490856764;1.402674733081145;5.307928536015156;0.10707907334398126;1.3631621849022377;0.03951254817890737;
2022-06-20 01:39:00;126711728.596;98553564.278;5.654004752129709;27.413453852195993;9.986390270466964;51.98254105478862;86.74172195140899;1.4573476953740305;5.513467828235491;0.140536923894218;1.4098914552012167;0.0474562401728138;
2022-06-20 01:39:30;126839516.147;98652954.546;5.770111410205383;27.39980187657681;9.758551871133783;52.08761985402394;86.84967777476278;1.4800231071832526;5.719650709690451;0.050460700514932455;1.4564280366526698;0.02359507053058274;
2022-06-20 01:40:00;126967467.425;98752472.107;6.004151263002594;27.38719392294238;9.53081690491235;52.194045401094264;86.95999647804356;1.5326480399846207;5.926320629975039;0.07783063302755533;1.5026794276719149;0.029968612312705867;
2022-06-20 01:40:30;127095576.87;98852112.713;6.17661537535245;27.37562343450302;9.303188506007794;52.301828900342024;87.0727333876132;1.5691994682199508;6.130233560280976;0.04638181507147454;1.5477817079067444;0.021417760313206413;
2022-06-20 01:41:00;127223841.362;98951873.884;6.412742433430728;27.36508393352185;9.075669756827157;52.410981067536724;87.18794507526056;1.6215841955704888;6.3352597225441185;0.07748271088660985;1.5929366903707496;0.028647505199739243;
2022-06-20 01:41:30;127352257.538;99051753.029;6.654609660893595;27.35556902058514;8.848263688748492;52.521512093411076;87.30568937642862;1.6750153418762082;6.5420861908073;0.11252347008629471;1.63821582682371;0.03679951505249823;
2022-06-20 01:42:00;127480821.544;99151747.171;6.8539479015402;27.347072373875505;8.620973282880048;52.633431606164756;87.42602540816141;1.7173979674615347;6.751600073113358;0.10234782842684176;1.6840181987032632;0.03337976875827153;
2022-06-20 01:42:30;127609529.669;99251853.388;7.094510548360756;27.33958774844821;8.39380147080974;52.7467486329707;87.54901358674336;1.7697871372058789;6.963844851844097;0.13066569651665816;1.7301676917500122;0.03961944545586671;
2022-06-20 01:43:00;127738377.982;99352068.657;7.2954142202652115;27.333108975510708;8.16675113534503;52.861471560524755;87.67471564500265;1.8119765361140763;7.175045978193011;0.12036824207220054;1.7757722659016582;0.03620427021241812;
2022-06-20 01:43:30;127867362.907;99452390.172;7.514581984765934;27.327629961705753;7.939825111243183;52.97760809468408;87.8031946492505;1.858438047203954;7.379898197583715;0.13468378718221974;1.8195045625201272;0.038933484683826736;
2022-06-20 01:44:00;127996480.401;99552814.834;7.645038920718813;27.323144688398138;7.713026185932166;53.095165219246155;87.93451501582764;1.8827874425061866;7.588316240400008;0.056722680318804564;1.863927647098745;0.01885979540744165;
2022-06-20 01:44:30;128125727.022;99653339.93;7.7710603407215455;27.319647210965424;7.486357100222014;53.21414915392533;88.06874252722895;1.9059826381734462;7.799378211237768;-0.028317870516222143;1.9088036497383036;-0.0028210115648574785;
2022-06-20 01:45:00;128255099.009;99753962.476;8.030669704777127;27.31713165809265;7.2598205490072205;53.33456531158897;88.20594434777655;1.9617663001060406;8.003882546096795;0.026787158680331657;1.9518387107121022;0.00992758939393834;
2022-06-20 01:45:30;128384592.968;99854679.876;8.321066902660318;27.315592231264493;7.0334191807588065;53.45641825544721;88.34618903962452;2.024753609688172;8.206951853168103;0.11411504949221474;1.9943463868684939;0.030407222819678115;
2022-06-20 01:46:00;128514204.813;99955488.976;8.585894516493003;27.315023203495986;6.807155601774983;53.57971165317754;88.48954657505669;2.0812211003979484;8.411003936558789;0.17489057993421397;2.03694697239572;0.04427412800222852;
2022-06-20 01:46:30;128643930.727;100056386.827;8.778709926720195;27.31541891920401;6.581032373337495;53.70444823416938;88.63608835293941;2.120048172467926;;;;;
2022-06-20 01:47:00;128773767.667;100157371.01;9.022142621836979;27.316773793335322;6.355052013531586;53.83062974394696;88.78588721152907;2.1709555495761306;;;;;
2022-06-20 01:47:30;128903711.749;100258438.531;9.253051466534219;27.319082310683957;6.129216997903285;53.958256898828395;88.9390174414193;2.2186933006715357;;;;;
2022-06-20 01:48:00;129033759.253;100359586.532;9.388465765252594;27.322339025213317;5.903529760108056;54.08732934032891;89.09555479784149;2.2434881313014396;;;;;
2022-06-20 01:48:30;129163906.926;100460812.396;9.632420307184729;27.32653855938345;5.677992692550909;54.217845589404064;89.25557651228095;2.294183645036782;;;;;
2022-06-20 01:49:00;129294151.062;100562113.341;9.749048812075754;27.331675603483323;5.4526081470178696;54.34980300063414;89.41916130336907;2.3145484702933103;;;;;
2022-06-20 01:49:30;129424487.827;100663486.257;10.038924199539663;27.33774491496838;5.227378435299166;54.48319771645198;89.58638938700796;2.3760253322577376;;;;;
2022-06-20 01:50:00;129554914.4;100764929.066;10.229391408285975;27.344741317803297;5.002305829804113;54.61802462152137;89.7573424856825;2.4139206831920097;;;;;
2022-06-20 01:50:30;129685427.162;100866438.939;10.353847324238725;27.352659701810296;4.777392564167715;54.754277297373434;89.93210383690952;2.4363213095077723;;;;;
2022-06-20 01:51:00;129816021.565;100968012.268;10.578233302120482;27.36149502202266;4.55264083384921;54.891947977411014;90.11075820076978;2.4823137580349437;;;;;
2022-06-20 01:51:30;129946695.009;101069647.072;10.805750215310079;27.37124229804398;4.328052796722601;55.031027502391034;90.2933918664634;2.5290713947248573;;;;;
2022-06-20 01:52:00;130077444.374;101171340.975;10.917421393831676;27.381896613412888;4.103630573659178;55.17150527649634;90.48009265782396;2.5488338813332114;;;;;
2022-06-20 01:52:30;130208264.777;101273090.104;11.089624546377788;27.3934531149734;3.879376249102379;55.31336922410634;90.67094993771887;2.5828963196110273;;;;;
2022-06-20 01:53:00;130339153.888;101374892.659;11.29365926277828;27.405907012251063;3.6552918716347054;55.45660574737616;90.86605461125696;2.6245058637159837;;;;;
2022-06-20 01:53:30;130470108.692;101476746.277;11.571793533649604;27.41925357683468;3.43137945453714;55.60119968473112;91.06549912771543;2.6834344277553743;;;;;
2022-06-20 01:54:00;130601124.826;101578647.656;11.709295110441179;27.43348814176398;3.2076409763409046;55.74713427038125;91.26937748108912;2.7099034656135506;;;;;

